0x5E3; 0x00; 0x00; 0x00; 0x00; 0x00; 0x00; 0x00; 0x00
0x412; 0x10; 0x00; 0x00; 0x00; 0x00; 0x3C; 0x00; 0x00
0x34D; 0x10; 0x23; 0x64; 0x00; 0x00; 0x81; 0x00; 0x20
0x349; 0x03; 0x55; 0x00; 0x10; 0x00; 0x00; 0x15; 0x20
0x349; 0x03; 0x55; 0x00; 0x10; 0x00; 0x00; 0x06; 0x20
0x3AD; 0x5F; 0xFF; 0x80; 0x01; 0x80; 0x52; 0x00; 0x21
0x3AD; 0x5F; 0xFF; 0x80; 0x01; 0x80; 0x52; 0x00; 0x30
0x489; 0x00; 0x01; 0x10; 0x28; 0x00; 0x01; 0x00; 0x3F
0x349; 0x03; 0x55; 0x00; 0x10; 0x00; 0x00; 0xBB; 0x20
0x30D; 0x00; 0x00; 0x00; 0x00; 0x00; 0x00; 0x00; 0x00
0x3F2; 0x00; 0xCD; 0x00; 0x00; 0x00; 0x00; 0x00; 0x02
0x349; 0x03; 0x55; 0x00; 0x10; 0x00; 0x00; 0x9D; 0x20
0x30D; 0x00; 0x00; 0x00; 0x00; 0x00; 0x00; 0x00; 0x00
0x349; 0x03; 0x55; 0x00; 0x10; 0x00; 0x00; 0x7F; 0x20
0x3CD; 0xFF; 0xFF; 0xFF; 0xFF; 0x03; 0x22; 0x60; 0x1D
0x349; 0x03; 0x55; 0x00; 0x10; 0x00; 0x00; 0x60; 0x20
0x44D; 0x00; 0x00; 0x00; 0x00; 0x00; 0x00; 0x00; 0x00
0x3CD; 0xFF; 0xFF; 0xFF; 0xFF; 0x03; 0x22; 0x60; 0xFF
0x349; 0x03; 0x55; 0x00; 0x10; 0x00; 0x00; 0x42; 0x20
0x30D; 0x00; 0x00; 0x00; 0x00; 0x00; 0x00; 0x00; 0x00
0x572; 0x50; 0x80; 0xFF; 0xC0; 0x88; 0x00; 0x00; 0x00
0x34D; 0x10; 0x23; 0x64; 0x00; 0x08; 0x89; 0x00; 0x20
0x349; 0x03; 0x55; 0x00; 0x10; 0x00; 0x00; 0x15; 0x20
0x3F2; 0x00; 0xAF; 0x00; 0x00; 0x00; 0x00; 0x00; 0x02
0x3AD; 0x5F; 0xFF; 0x80; 0x01; 0x80; 0x72; 0x00; 0xA7
0x3AD; 0x5F; 0xFF; 0x80; 0x01; 0x80; 0x52; 0x00; 0xB8
0x349; 0x03; 0x55; 0x00; 0x10; 0x00; 0x00; 0xD9; 0x20
0x208; 0xFF; 0xFF; 0xCA; 0x00; 0x2C; 0x00; 0x00; 0x32
0x3CD; 0xFF; 0xFF; 0xFF; 0xFF; 0x03; 0x22; 0x60; 0x68
0x612; 0x00; 0x20; 0xC1; 0x00; 0x07; 0xFE; 0x00; 0x10
0x349; 0x03; 0x55; 0x00; 0x10; 0x00; 0x00; 0xAC; 0x20
0x34D; 0x10; 0x23; 0x64; 0x00; 0x04; 0x8D; 0x00; 0x20
0x572; 0x50; 0x80; 0xFF; 0xC0; 0x88; 0x00; 0x00; 0x00
0x349; 0x03; 0x55; 0x00; 0x10; 0x00; 0x00; 0x7F; 0x20
0x468; 0x00; 0x30; 0x40; 0xC0; 0x00; 0x01; 0x00; 0x00
0x349; 0x03; 0x55; 0x00; 0x10; 0x00; 0x00; 0x51; 0x20
0x40D; 0x00; 0x00; 0x00; 0x00; 0x00; 0x00; 0x00; 0x00
0x489; 0x00; 0x01; 0x10; 0x28; 0x00; 0x01; 0x00; 0x3F
0x349; 0x03; 0x55; 0x00; 0x10; 0x00; 0x00; 0x33; 0x20
0x40D; 0x00; 0x00; 0x00; 0x00; 0x00; 0x00; 0x00; 0x01
0x612; 0x00; 0x20; 0xC1; 0x00; 0x07; 0xFE; 0x00; 0x10
0x30D; 0x00; 0x00; 0x00; 0x00; 0x00; 0x00; 0x00; 0x00
0x349; 0x03; 0x55; 0x00; 0x10; 0x00; 0x00; 0x06; 0x20
0x412; 0x10; 0x00; 0x00; 0x00; 0x00; 0x3C; 0x00; 0x00
0x30D; 0x00; 0x00; 0x00; 0x00; 0x00; 0x00; 0x00; 0x00
0x797; 0x01; 0x00; 0x00; 0x00; 0x00; 0x00; 0x00; 0x00
0x349; 0x03; 0x55; 0x00; 0x10; 0x00; 0x00; 0xD9; 0x20
0x40D; 0x00; 0x00; 0x00; 0x00; 0x00; 0x00; 0x00; 0x04
0x3F2; 0x00; 0x63; 0x00; 0x00; 0x00; 0x00; 0x00; 0x02
0x552; 0x00; 0x27; 0x89; 0x00; 0x00; 0xEB; 0x4D; 0xFE
0x40D; 0x00; 0x00; 0x00; 0x00; 0x00; 0x00; 0x00; 0x05
0x468; 0x00; 0x30; 0x40; 0xC0; 0x00; 0x01; 0x00; 0x00
0x349; 0x03; 0x55; 0x00; 0x10; 0x00; 0x00; 0x9D; 0x20
0x40D; 0x00; 0x00; 0x00; 0x00; 0x00; 0x00; 0x00; 0x06
0x612; 0x00; 0x20; 0xC1; 0x00; 0x07; 0xFE; 0x00; 0x10
0x30D; 0x00; 0x00; 0x00; 0x00; 0x00; 0x00; 0x00; 0x00
0x3CD; 0xFF; 0xFF; 0xFF; 0xFF; 0x03; 0x22; 0x60; 0xFF
0x572; 0x50; 0x80; 0xFF; 0xC0; 0x88; 0x00; 0x00; 0x00
0x3AD; 0x5F; 0xFF; 0x80; 0x01; 0x80; 0x52; 0x00; 0x8B
0x349; 0x03; 0x55; 0x00; 0x10; 0x00; 0x00; 0x33; 0x20
0x3F2; 0x00; 0x45; 0x00; 0x00; 0x00; 0x00; 0x00; 0x02
0x3AD; 0x5F; 0xFF; 0x80; 0x01; 0x80; 0x52; 0x00; 0x9A
0x348; 0x00; 0x00; 0xFF; 0x00; 0xC1; 0x21; 0x10; 0xE3
0x3AD; 0x5F; 0xFF; 0x80; 0x01; 0x80; 0x52; 0x00; 0xA9
0x349; 0x03; 0x55; 0x00; 0x10; 0x00; 0x00; 0xF7; 0x20
0x349; 0x03; 0x55; 0x00; 0x10; 0x00; 0x00; 0xE8; 0x20
0x334; 0x18; 0x3B; 0x98; 0xEE; 0x73; 0xB8; 0x0E; 0xE6
0x612; 0x00; 0x20; 0xC1; 0x00; 0x07; 0xFE; 0x00; 0x10
0x349; 0x03; 0x55; 0x00; 0x10; 0x00; 0x00; 0xCA; 0x20
0x334; 0x20; 0x3B; 0x98; 0xEE; 0x63; 0xB9; 0x4E; 0xE5
0x572; 0x50; 0x80; 0xFF; 0xC0; 0x88; 0x00; 0x00; 0x00
0x3CD; 0xFF; 0xFF; 0xFF; 0xFF; 0x03; 0x22; 0x60; 0x4A
0x349; 0x03; 0x55; 0x00; 0x10; 0x00; 0x00; 0x9D; 0x20
0x3CD; 0xFF; 0xFF; 0xFF; 0xFF; 0x03; 0x22; 0x60; 0x2C
0x349; 0x03; 0x55; 0x00; 0x10; 0x00; 0x00; 0x7F; 0x20
0x489; 0x00; 0x01; 0x10; 0x28; 0x00; 0x01; 0x00; 0x3F
0x349; 0x03; 0x55; 0x00; 0x10; 0x00; 0x00; 0x51; 0x20
0x40D; 0x00; 0x00; 0x00; 0x00; 0x00; 0x00; 0x00; 0x00
0x349; 0x03; 0x55; 0x00; 0x10; 0x00; 0x00; 0x42; 0x20
0x612; 0x00; 0x20; 0xC1; 0x00; 0x07; 0xFE; 0x00; 0x10
0x40D; 0x00; 0x00; 0x00; 0x00; 0x00; 0x00; 0x00; 0x01
0x30D; 0x00; 0x00; 0x00; 0x00; 0x00; 0x00; 0x00; 0x00
0x38D; 0x00; 0x00; 0x00; 0x00; 0xAF; 0x13; 0x46; 0x00
0x3F2; 0x00; 0x09; 0x00; 0x00; 0x00; 0x00; 0x00; 0x02
0x334; 0x58; 0x3B; 0x98; 0xED; 0xD3; 0xB9; 0x4E; 0xE9
0x349; 0x03; 0x55; 0x00; 0x10; 0x00; 0x00; 0xD9; 0x20
0x412; 0x10; 0x00; 0x00; 0x00; 0x00; 0x3C; 0x00; 0x00
0x334; 0x60; 0x3B; 0x94; 0xEE; 0x53; 0xB9; 0x8E; 0xE4
0x349; 0x03; 0x55; 0x00; 0x10; 0x00; 0x00; 0xBB; 0x20
0x349; 0x03; 0x55; 0x00; 0x10; 0x00; 0x00; 0xAC; 0x20
0x3AD; 0x5F; 0xFF; 0x80; 0x01; 0x80; 0x72; 0x00; 0x5C
0x349; 0x03; 0x55; 0x00; 0x10; 0x00; 0x00; 0x8E; 0x20
0x3AD; 0x5F; 0xFF; 0x80; 0x01; 0x80; 0x82; 0x00; 0x6A
0x3AD; 0x5F; 0xFF; 0x80; 0x01; 0x80; 0x82; 0x00; 0x79
0x349; 0x03; 0x55; 0x00; 0x10; 0x00; 0x00; 0x51; 0x20
0x3F2; 0x00; 0xEB; 0x00; 0x00; 0x00; 0x00; 0x00; 0x02
0x3AD; 0x5F; 0xFF; 0x80; 0x01; 0x80; 0x72; 0x00; 0x89
0x3AD; 0x5F; 0xFF; 0x80; 0x01; 0x80; 0x72; 0x00; 0x98
0x349; 0x03; 0x55; 0x00; 0x10; 0x00; 0x00; 0x15; 0x20
0x3CD; 0xFF; 0xFF; 0xFF; 0xFF; 0x03; 0x22; 0x60; 0xA4
0x612; 0x00; 0x20; 0xC1; 0x00; 0x07; 0xFE; 0x00; 0x10
0x588; 0xFE; 0xFF; 0x00; 0x00; 0x00; 0x58; 0x20; 0x00
0x40D; 0x00; 0x00; 0x00; 0x00; 0x00; 0x00; 0x00; 0x0C
0x38D; 0x00; 0x00; 0x00; 0x00; 0xAF; 0x6E; 0x46; 0x00
0x3CD; 0xFF; 0xFF; 0xFF; 0xFF; 0x03; 0x22; 0x60; 0x59
0x3F2; 0x00; 0xCD; 0x00; 0x00; 0x00; 0x00; 0x00; 0x02
0x44D; 0x00; 0x00; 0x00; 0x00; 0x00; 0x00; 0x00; 0x00
0x3CD; 0xFF; 0xFF; 0xFF; 0xFF; 0x03; 0x22; 0x60; 0x3B
0x208; 0xFF; 0xFF; 0x7F; 0x00; 0x2C; 0x00; 0x00; 0x32
0x348; 0x00; 0x00; 0xFF; 0x00; 0xC1; 0x21; 0x10; 0x98
0x349; 0x03; 0x55; 0x00; 0x10; 0x00; 0x00; 0x60; 0x20
0x348; 0x00; 0x00; 0xFF; 0x00; 0xC1; 0x21; 0x10; 0x89
0x349; 0x03; 0x55; 0x00; 0x10; 0x00; 0x00; 0x42; 0x20
0x38D; 0x00; 0x00; 0x00; 0x00; 0xAF; 0x8C; 0x46; 0x00
0x3AD; 0x5F; 0xFF; 0x80; 0x01; 0x80; 0x52; 0x00; 0x12
0x3F2; 0x00; 0xAF; 0x00; 0x00; 0x00; 0x00; 0x00; 0x02
0x3AD; 0x5F; 0xFF; 0x80; 0x01; 0x80; 0x52; 0x00; 0x21
0x5E3; 0x00; 0x00; 0x00; 0x00; 0x00; 0x00; 0x00; 0x00
0x3AD; 0x5F; 0xFF; 0x80; 0x01; 0x80; 0x52; 0x00; 0x30
0x349; 0x03; 0x55; 0x00; 0x10; 0x00; 0x00; 0xD9; 0x20
0x208; 0xFF; 0xFF; 0xCA; 0x00; 0x2C; 0x00; 0x00; 0x32
0x34D; 0x10; 0x23; 0x64; 0x00; 0x0D; 0x84; 0x00; 0x20
0x612; 0x00; 0x20; 0xC1; 0x00; 0x07; 0xFE; 0x00; 0x10
0x349; 0x03; 0x55; 0x00; 0x10; 0x00; 0x00; 0xAC; 0x20
0x34D; 0x10; 0x23; 0x64; 0x00; 0x0C; 0x85; 0x00; 0x20
0x572; 0x50; 0x80; 0xFF; 0xC0; 0x88; 0x00; 0x00; 0x00
0x349; 0x03; 0x55; 0x00; 0x10; 0x00; 0x00; 0x7F; 0x20
0x489; 0x00; 0x01; 0x10; 0x28; 0x00; 0x01; 0x00; 0x3F
0x349; 0x03; 0x55; 0x00; 0x10; 0x00; 0x00; 0x51; 0x20
0x40D; 0x00; 0x00; 0x00; 0x00; 0x00; 0x00; 0x00; 0x08
0x349; 0x03; 0x55; 0x00; 0x10; 0x00; 0x00; 0x33; 0x20
0x30D; 0x00; 0x00; 0x00; 0x00; 0x00; 0x00; 0x00; 0x00
0x349; 0x03; 0x55; 0x00; 0x10; 0x00; 0x00; 0x24; 0x20
0x349; 0x03; 0x55; 0x00; 0x10; 0x00; 0x00; 0x15; 0x20
0x30D; 0x00; 0x00; 0x00; 0x00; 0x00; 0x00; 0x00; 0x00
0x349; 0x03; 0x55; 0x00; 0x10; 0x00; 0x00; 0x06; 0x20
0x30D; 0x00; 0x00; 0x00; 0x00; 0x00; 0x00; 0x00; 0x00
0x3CD; 0xFF; 0xFF; 0xFF; 0xFF; 0x03; 0x22; 0x60; 0x77
0x3F2; 0x00; 0x63; 0x00; 0x00; 0x00; 0x00; 0x00; 0x02
0x3AD; 0x5F; 0xFF; 0x80; 0x01; 0x80; 0x72; 0x00; 0xC5
0x349; 0x03; 0x55; 0x00; 0x10; 0x00; 0x00; 0xBB; 0x20
0x3AD; 0x5F; 0xFF; 0x80; 0x01; 0x80; 0x72; 0x00; 0xD4
0x349; 0x03; 0x55; 0x00; 0x10; 0x00; 0x00; 0x9D; 0x20
0x208; 0xFF; 0xFF; 0x8E; 0x00; 0x2C; 0x00; 0x00; 0x32
0x34D; 0x10; 0x23; 0x64; 0x00; 0x03; 0x8E; 0x00; 0x20
0x612; 0x00; 0x20; 0xC1; 0x00; 0x07; 0xFE; 0x00; 0x10
0x349; 0x03; 0x55; 0x00; 0x10; 0x00; 0x00; 0x60; 0x20
0x34D; 0x10; 0x23; 0x64; 0x00; 0x02; 0x8F; 0x00; 0x20
0x572; 0x50; 0x80; 0xFF; 0xC0; 0x88; 0x00; 0x00; 0x00
0x489; 0x00; 0x01; 0x10; 0x28; 0x00; 0x01; 0x00; 0x3F
0x349; 0x03; 0x55; 0x00; 0x10; 0x00; 0x00; 0x33; 0x20
0x3CD; 0xFF; 0xFF; 0xFF; 0xFF; 0x03; 0x22; 0x60; 0xC2
0x349; 0x03; 0x55; 0x00; 0x10; 0x00; 0x00; 0x15; 0x20
0x40D; 0x00; 0x00; 0x00; 0x00; 0x00; 0x00; 0x00; 0x02
0x349; 0x03; 0x55; 0x00; 0x10; 0x00; 0x00; 0xF7; 0x20
0x30D; 0x00; 0x00; 0x00; 0x00; 0x00; 0x00; 0x00; 0x00
0x349; 0x03; 0x55; 0x00; 0x10; 0x00; 0x00; 0xE8; 0x20
0x30D; 0x00; 0x00; 0x00; 0x00; 0x00; 0x00; 0x00; 0x00
0x349; 0x03; 0x55; 0x00; 0x10; 0x00; 0x00; 0xCA; 0x20
0x208; 0xFF; 0xFF; 0xBB; 0x00; 0x2C; 0x00; 0x00; 0x32
0x30D; 0x00; 0x00; 0x00; 0x00; 0x00; 0x00; 0x00; 0x00
0x797; 0x01; 0x00; 0x00; 0x00; 0x00; 0x00; 0x00; 0x00
0x349; 0x03; 0x55; 0x00; 0x10; 0x00; 0x00; 0x9D; 0x20
0x30D; 0x00; 0x00; 0x00; 0x00; 0x00; 0x00; 0x00; 0x00
0x3F2; 0x00; 0x27; 0x00; 0x00; 0x00; 0x00; 0x00; 0x02
0x552; 0x00; 0x27; 0x89; 0x0A; 0x00; 0xEB; 0x4D; 0xFE
0x30D; 0x00; 0x00; 0x00; 0x00; 0x00; 0x00; 0x00; 0x00
0x349; 0x03; 0x55; 0x00; 0x10; 0x00; 0x00; 0x51; 0x20
0x3CD; 0xFF; 0xFF; 0xFF; 0xFF; 0x03; 0x22; 0x60; 0xFF
0x349; 0x03; 0x55; 0x00; 0x10; 0x00; 0x00; 0x42; 0x20
0x50D; 0x00; 0x00; 0x00; 0x00; 0x00; 0x64; 0x8E; 0xC0
0x3CD; 0xFF; 0xFF; 0xFF; 0xFF; 0x03; 0x22; 0x60; 0xD1
0x38D; 0x00; 0x00; 0x00; 0x00; 0xAF; 0x5F; 0x46; 0x00
0x3CD; 0xFF; 0xFF; 0xFF; 0xFF; 0x03; 0x22; 0x60; 0x95
0x3F2; 0x00; 0x09; 0x00; 0x00; 0x00; 0x00; 0x00; 0x02
0x3CD; 0xFF; 0xFF; 0xFF; 0xFF; 0x03; 0x22; 0x60; 0x77
0x3AD; 0x5F; 0xFF; 0x80; 0x01; 0x80; 0x72; 0x00; 0xC5
0x349; 0x03; 0x55; 0x00; 0x10; 0x00; 0x00; 0xBB; 0x20
0x34D; 0x10; 0x23; 0x64; 0x00; 0x04; 0x8D; 0x00; 0x20
0x30D; 0x00; 0x00; 0x00; 0x00; 0x00; 0x00; 0x00; 0x00
0x349; 0x03; 0x55; 0x00; 0x10; 0x00; 0x00; 0x8E; 0x20
0x208; 0xFF; 0xFF; 0x7F; 0x00; 0x2C; 0x00; 0x00; 0x32
0x30D; 0x00; 0x00; 0x00; 0x00; 0x00; 0x00; 0x00; 0x00
0x349; 0x03; 0x55; 0x00; 0x10; 0x00; 0x00; 0x51; 0x20
0x30D; 0x00; 0x00; 0x00; 0x00; 0x00; 0x00; 0x00; 0x00
0x3F2; 0x00; 0xEB; 0x00; 0x00; 0x00; 0x00; 0x00; 0x02
0x30D; 0x00; 0x00; 0x00; 0x00; 0x00; 0x00; 0x00; 0x00
0x3AD; 0x5F; 0xFF; 0x80; 0x01; 0x80; 0x52; 0x00; 0x12
0x349; 0x03; 0x55; 0x00; 0x10; 0x00; 0x00; 0x15; 0x20
0x3CD; 0xFF; 0xFF; 0xFF; 0xFF; 0x03; 0x22; 0x60; 0xA4
0x612; 0x00; 0x20; 0xC1; 0x00; 0x07; 0xFE; 0x00; 0x10
0x40D; 0x00; 0x00; 0x00; 0x00; 0x00; 0x00; 0x00; 0x03
0x40D; 0x00; 0x00; 0x00; 0x00; 0x00; 0x00; 0x00; 0x04
0x349; 0x03; 0x55; 0x00; 0x10; 0x00; 0x00; 0xBB; 0x20
0x30D; 0x00; 0x00; 0x00; 0x00; 0x00; 0x00; 0x00; 0x00
0x3F2; 0x00; 0xCD; 0x00; 0x00; 0x00; 0x00; 0x00; 0x02
0x349; 0x03; 0x55; 0x00; 0x10; 0x00; 0x00; 0x9D; 0x20
0x30D; 0x00; 0x00; 0x00; 0x00; 0x00; 0x00; 0x00; 0x00
0x349; 0x03; 0x55; 0x00; 0x10; 0x00; 0x00; 0x7F; 0x20
0x3CD; 0xFF; 0xFF; 0xFF; 0xFF; 0x03; 0x22; 0x60; 0x1D
0x349; 0x03; 0x55; 0x00; 0x10; 0x00; 0x00; 0x60; 0x20
0x3CD; 0xFF; 0xFF; 0xFF; 0xFF; 0x03; 0x22; 0x60; 0xFF
0x349; 0x03; 0x55; 0x00; 0x10; 0x00; 0x00; 0x42; 0x20
0x3AD; 0x5F; 0xFF; 0x80; 0x01; 0x80; 0x52; 0x00; 0x8B
0x348; 0x00; 0x00; 0xFF; 0x00; 0xC1; 0x21; 0x10; 0xF2
0x3AD; 0x5F; 0xFF; 0x80; 0x01; 0x80; 0x72; 0x00; 0x98
0x348; 0x00; 0x00; 0xFF; 0x00; 0xC1; 0x21; 0x10; 0xE3
0x3F2; 0x00; 0xAF; 0x00; 0x00; 0x00; 0x00; 0x00; 0x02
0x3AD; 0x5F; 0xFF; 0x80; 0x01; 0x80; 0x72; 0x00; 0xA7
0x348; 0x00; 0x00; 0xFF; 0x00; 0xC1; 0x21; 0x10; 0xD4
0x349; 0x03; 0x55; 0x00; 0x10; 0x00; 0x00; 0xD9; 0x20
0x432; 0x42; 0x14; 0x40; 0xFE; 0x00; 0x08; 0x30; 0x02
0x612; 0x00; 0x20; 0xC1; 0x00; 0x07; 0xFE; 0x00; 0x10
0x40D; 0x00; 0x00; 0x00; 0x00; 0x00; 0x00; 0x00; 0x0D
0x30D; 0x00; 0x00; 0x00; 0x00; 0x00; 0x00; 0x00; 0x00
0x38D; 0x00; 0x00; 0x00; 0x00; 0xAF; 0xF5; 0x46; 0x00
0x3F2; 0x00; 0x81; 0x00; 0x00; 0x00; 0x00; 0x00; 0x02
0x3CD; 0xFF; 0xFF; 0xFF; 0xFF; 0x03; 0x22; 0x60; 0x0E
0x5B2; 0x00; 0x00; 0x64; 0x80; 0x00; 0x02; 0x00; 0x00
0x3CD; 0xFF; 0xFF; 0xFF; 0xFF; 0x03; 0x22; 0x60; 0xE0
0x349; 0x03; 0x55; 0x00; 0x10; 0x00; 0x00; 0x33; 0x20
0x432; 0x42; 0x16; 0x40; 0xFE; 0x00; 0x08; 0x30; 0x02
0x50D; 0x00; 0x00; 0x00; 0x00; 0x00; 0x64; 0x8E; 0x1B
0x40D; 0x00; 0x00; 0x00; 0x00; 0x00; 0x00; 0x00; 0x02
0x3CD; 0xFF; 0xFF; 0xFF; 0xFF; 0x03; 0x22; 0x60; 0x95
0x3AD; 0x5F; 0xFF; 0x80; 0x01; 0x80; 0x72; 0x00; 0x3E
0x348; 0x00; 0x00; 0xFF; 0x00; 0xC1; 0x21; 0x10; 0x4D
0x3F2; 0x00; 0x63; 0x00; 0x00; 0x00; 0x00; 0x00; 0x02
0x3AD; 0x5F; 0xFF; 0x80; 0x01; 0x80; 0x72; 0x00; 0x4D
0x348; 0x00; 0x00; 0xFF; 0x00; 0xC1; 0x21; 0x10; 0x3E
0x349; 0x03; 0x55; 0x00; 0x10; 0x00; 0x00; 0x9D; 0x20
0x349; 0x03; 0x55; 0x00; 0x10; 0x00; 0x00; 0x8E; 0x20
0x34D; 0x10; 0x23; 0x64; 0x00; 0x0B; 0x86; 0x00; 0x20
0x612; 0x00; 0x20; 0xC1; 0x00; 0x07; 0xFE; 0x00; 0x10
0x34D; 0x10; 0x23; 0x64; 0x00; 0x0A; 0x87; 0x00; 0x20
0x208; 0xFF; 0xFF; 0x33; 0x00; 0x2C; 0x00; 0x00; 0x32
0x3CD; 0xFF; 0xFF; 0xFF; 0xFF; 0x03; 0x22; 0x60; 0xD1
0x3F2; 0x00; 0x45; 0x00; 0x00; 0x00; 0x00; 0x00; 0x02
0x208; 0xFF; 0xFF; 0x15; 0x00; 0x2C; 0x00; 0x00; 0x32
0x30D; 0x00; 0x00; 0x00; 0x00; 0x00; 0x00; 0x00; 0x00
0x349; 0x03; 0x55; 0x00; 0x10; 0x00; 0x00; 0xF7; 0x20
0x348; 0x00; 0x00; 0xFF; 0x00; 0xC1; 0x21; 0x10; 0xD4
0x349; 0x03; 0x55; 0x00; 0x10; 0x00; 0x00; 0xE8; 0x20
0x348; 0x00; 0x00; 0xFF; 0x00; 0xC1; 0x21; 0x10; 0xC5
0x349; 0x03; 0x55; 0x00; 0x10; 0x00; 0x00; 0xCA; 0x20
0x3AD; 0x5F; 0xFF; 0x80; 0x01; 0x80; 0x72; 0x00; 0xC5
0x572; 0x50; 0x80; 0xFF; 0xC0; 0x88; 0x00; 0x00; 0x00
0x3CD; 0xFF; 0xFF; 0xFF; 0xFF; 0x03; 0x22; 0x60; 0x4A
0x349; 0x03; 0x55; 0x00; 0x10; 0x00; 0x00; 0x9D; 0x20
0x208; 0xFF; 0xFF; 0x8E; 0x00; 0x2C; 0x00; 0x00; 0x32
0x34D; 0x10; 0x23; 0x64; 0x00; 0x03; 0x8E; 0x00; 0x20
0x349; 0x03; 0x55; 0x00; 0x10; 0x00; 0x00; 0x7F; 0x20
0x34D; 0x10; 0x23; 0x64; 0x00; 0x02; 0x8F; 0x00; 0x20
0x349; 0x03; 0x55; 0x00; 0x10; 0x00; 0x00; 0x51; 0x20
0x40D; 0x00; 0x00; 0x00; 0x00; 0x00; 0x00; 0x00; 0x00
0x58E; 0x00; 0x00; 0x00; 0x00; 0x00; 0x00; 0x00; 0x00
0x612; 0x00; 0x20; 0xC1; 0x00; 0x07; 0xFE; 0x00; 0x10
0x40D; 0x00; 0x00; 0x00; 0x00; 0x00; 0x00; 0x00; 0x01
0x468; 0x00; 0x30; 0x40; 0xC0; 0x00; 0x01; 0x00; 0x00
0x40D; 0x00; 0x00; 0x00; 0x00; 0x00; 0x00; 0x00; 0x02
0x349; 0x03; 0x55; 0x00; 0x10; 0x00; 0x00; 0xF7; 0x20
0x30D; 0x00; 0x00; 0x00; 0x00; 0x00; 0x00; 0x00; 0x00
0x3F2; 0x00; 0x09; 0x00; 0x00; 0x00; 0x00; 0x00; 0x02
0x349; 0x03; 0x55; 0x00; 0x10; 0x00; 0x00; 0xD9; 0x20
0x30D; 0x00; 0x00; 0x00; 0x00; 0x00; 0x00; 0x00; 0x00
0x349; 0x03; 0x55; 0x00; 0x10; 0x00; 0x00; 0xBB; 0x20
0x349; 0x03; 0x55; 0x00; 0x10; 0x00; 0x00; 0xAC; 0x20
0x34D; 0x10; 0x23; 0x64; 0x00; 0x0C; 0x85; 0x00; 0x20
0x612; 0x00; 0x20; 0xC1; 0x00; 0x07; 0xFE; 0x00; 0x10
0x349; 0x03; 0x55; 0x00; 0x10; 0x00; 0x00; 0x8E; 0x20
0x34D; 0x10; 0x23; 0x64; 0x00; 0x0B; 0x86; 0x00; 0x20
0x572; 0x50; 0x80; 0xFF; 0xC0; 0x88; 0x00; 0x00; 0x00
0x468; 0x00; 0x30; 0x40; 0xC0; 0x00; 0x01; 0x00; 0x00
0x349; 0x03; 0x55; 0x00; 0x10; 0x00; 0x00; 0x51; 0x20
0x3CD; 0xFF; 0xFF; 0xFF; 0xFF; 0x03; 0x22; 0x60; 0xE0
0x552; 0x00; 0x27; 0x89; 0x14; 0x00; 0xEB; 0x4D; 0xFE
0x40D; 0x00; 0x00; 0x00; 0x00; 0x00; 0x00; 0x00; 0x09
0x349; 0x03; 0x55; 0x00; 0x10; 0x00; 0x00; 0x15; 0x20
0x3CD; 0xFF; 0xFF; 0xFF; 0xFF; 0x03; 0x22; 0x60; 0xB3
0x349; 0x03; 0x55; 0x00; 0x10; 0x00; 0x00; 0x06; 0x20
0x50D; 0x00; 0x00; 0x00; 0x00; 0x00; 0x64; 0x8E; 0x66
0x30D; 0x00; 0x00; 0x00; 0x00; 0x00; 0x00; 0x00; 0x00
0x349; 0x03; 0x55; 0x00; 0x10; 0x00; 0x00; 0xD9; 0x20
0x3AD; 0x5F; 0xFF; 0x80; 0x01; 0x80; 0x52; 0x00; 0xC7
0x349; 0x03; 0x55; 0x00; 0x10; 0x00; 0x00; 0xBB; 0x20
0x3F2; 0x00; 0xCD; 0x00; 0x00; 0x00; 0x00; 0x00; 0x02
0x3AD; 0x5F; 0xFF; 0x80; 0x01; 0x80; 0x52; 0x00; 0xD6
0x349; 0x03; 0x55; 0x00; 0x10; 0x00; 0x00; 0x9D; 0x20
0x3AD; 0x5F; 0xFF; 0x80; 0x01; 0x80; 0x72; 0x00; 0xE3
0x349; 0x03; 0x55; 0x00; 0x10; 0x00; 0x00; 0x7F; 0x20
0x208; 0xFF; 0xFF; 0x60; 0x00; 0x2C; 0x00; 0x00; 0x32
0x34D; 0x10; 0x23; 0x64; 0x00; 0x02; 0x8F; 0x00; 0x20
0x612; 0x00; 0x20; 0xC1; 0x00; 0x07; 0xFE; 0x00; 0x10
0x349; 0x03; 0x55; 0x00; 0x10; 0x00; 0x00; 0x42; 0x20
0x34D; 0x10; 0x23; 0x64; 0x00; 0x01; 0x80; 0x00; 0x20
0x572; 0x50; 0x80; 0xFF; 0xC0; 0x88; 0x00; 0x00; 0x00
0x468; 0x00; 0x30; 0x40; 0xC0; 0x00; 0x01; 0x00; 0x00
0x349; 0x03; 0x55; 0x00; 0x10; 0x00; 0x00; 0x15; 0x20
0x3CD; 0xFF; 0xFF; 0xFF; 0xFF; 0x03; 0x22; 0x60; 0xA4
0x349; 0x03; 0x55; 0x00; 0x10; 0x00; 0x00; 0xF7; 0x20
0x40D; 0x00; 0x00; 0x00; 0x00; 0x00; 0x00; 0x00; 0x03
0x349; 0x03; 0x55; 0x00; 0x10; 0x00; 0x00; 0xD9; 0x20
0x3CD; 0xFF; 0xFF; 0xFF; 0xFF; 0x03; 0x22; 0x60; 0x77
0x349; 0x03; 0x55; 0x00; 0x10; 0x00; 0x00; 0xCA; 0x20
0x50D; 0x00; 0x00; 0x00; 0x00; 0x00; 0x64; 0x8E; 0x84
0x30D; 0x00; 0x00; 0x00; 0x00; 0x00; 0x00; 0x00; 0x00
0x792; 0x00; 0x00; 0x00; 0x00; 0x00; 0x10; 0x00; 0x00
0x349; 0x03; 0x55; 0x00; 0x10; 0x00; 0x00; 0x9D; 0x20
0x30D; 0x00; 0x00; 0x00; 0x00; 0x00; 0x00; 0x00; 0x00
0x30D; 0x00; 0x00; 0x00; 0x00; 0x00; 0x00; 0x00; 0x00
0x3F2; 0x00; 0x81; 0x00; 0x00; 0x00; 0x00; 0x00; 0x02
0x30D; 0x00; 0x00; 0x00; 0x00; 0x00; 0x00; 0x00; 0x00
0x412; 0x10; 0x00; 0x00; 0x00; 0x00; 0x3C; 0x00; 0x00
0x334; 0x60; 0x3B; 0x94; 0xEE; 0x63; 0xB9; 0x8E; 0xE4
0x349; 0x03; 0x55; 0x00; 0x10; 0x00; 0x00; 0x33; 0x20
0x349; 0x03; 0x55; 0x00; 0x10; 0x00; 0x00; 0x24; 0x20
0x3AD; 0x5F; 0xFF; 0x80; 0x01; 0x80; 0x52; 0x00; 0x9A
0x349; 0x03; 0x55; 0x00; 0x10; 0x00; 0x00; 0x06; 0x20
0x3AD; 0x5F; 0xFF; 0x80; 0x01; 0x80; 0x52; 0x00; 0xA9
0x3AD; 0x5F; 0xFF; 0x80; 0x01; 0x80; 0x42; 0x00; 0xB9
0x349; 0x03; 0x55; 0x00; 0x10; 0x00; 0x00; 0xD9; 0x20
0x3F2; 0x00; 0x63; 0x00; 0x00; 0x00; 0x00; 0x00; 0x02
0x3AD; 0x5F; 0xFF; 0x80; 0x01; 0x80; 0x42; 0x00; 0xC8
0x3AD; 0x5F; 0xFF; 0x80; 0x01; 0x80; 0x52; 0x00; 0xD6
0x349; 0x03; 0x55; 0x00; 0x10; 0x00; 0x00; 0x9D; 0x20
0x3CD; 0xFF; 0xFF; 0xFF; 0xFF; 0x03; 0x22; 0x60; 0x2C
0x612; 0x00; 0x20; 0xC1; 0x00; 0x07; 0xFE; 0x00; 0x10
0x40D; 0x00; 0x00; 0x00; 0x00; 0x00; 0x00; 0x00; 0x0F
0x588; 0xFE; 0xFF; 0x00; 0x00; 0x00; 0x58; 0x20; 0x00
0x38D; 0x00; 0x00; 0x00; 0x00; 0xAF; 0x8C; 0x46; 0x00
0x3CD; 0xFF; 0xFF; 0xFF; 0xFF; 0x03; 0x22; 0x60; 0xD1
0x3F2; 0x00; 0x45; 0x00; 0x00; 0x00; 0x00; 0x00; 0x02
0x44D; 0x00; 0x00; 0x00; 0x00; 0x00; 0x00; 0x00; 0x00
0x3CD; 0xFF; 0xFF; 0xFF; 0xFF; 0x03; 0x22; 0x60; 0xB3
0x208; 0xFF; 0xFF; 0xF7; 0x00; 0x2C; 0x00; 0x00; 0x32
0x348; 0x00; 0x00; 0xFF; 0x00; 0xC1; 0x21; 0x10; 0x5C
0x349; 0x03; 0x55; 0x00; 0x10; 0x00; 0x00; 0xE8; 0x20
0x348; 0x00; 0x00; 0xFF; 0x00; 0xC1; 0x21; 0x10; 0x4D
0x349; 0x03; 0x55; 0x00; 0x10; 0x00; 0x00; 0xCA; 0x20
0x38D; 0x00; 0x00; 0x00; 0x00; 0xAF; 0xAA; 0x46; 0x00
0x3AD; 0x5F; 0xFF; 0x80; 0x01; 0x80; 0x52; 0x00; 0x5E
0x3F2; 0x00; 0x27; 0x00; 0x00; 0x00; 0x00; 0x00; 0x02
0x3AD; 0x5F; 0xFF; 0x80; 0x01; 0x80; 0x42; 0x00; 0x6E
0x5E3; 0x00; 0x00; 0x00; 0x00; 0x00; 0x00; 0x00; 0x00
0x3AD; 0x5F; 0xFF; 0x80; 0x01; 0x80; 0x42; 0x00; 0x7D
0x349; 0x03; 0x55; 0x00; 0x10; 0x00; 0x00; 0x51; 0x20
0x208; 0xFF; 0xFF; 0x42; 0x00; 0x2C; 0x00; 0x00; 0x32
0x34D; 0x10; 0x23; 0x64; 0x00; 0x09; 0x88; 0x00; 0x20
0x612; 0x00; 0x20; 0xC1; 0x00; 0x07; 0xFE; 0x00; 0x10
0x349; 0x03; 0x55; 0x00; 0x10; 0x00; 0x00; 0x24; 0x20
0x34D; 0x10; 0x23; 0x64; 0x00; 0x08; 0x89; 0x00; 0x20
0x572; 0x50; 0x80; 0xFF; 0xC0; 0x88; 0x00; 0x00; 0x00
0x489; 0x00; 0x01; 0x10; 0x28; 0x00; 0x01; 0x00; 0x3F
0x349; 0x03; 0x55; 0x00; 0x10; 0x00; 0x00; 0xF7; 0x20
0x3CD; 0xFF; 0xFF; 0xFF; 0xFF; 0x03; 0x22; 0x60; 0x86
0x349; 0x03; 0x55; 0x00; 0x10; 0x00; 0x00; 0xD9; 0x20
0x40D; 0x00; 0x00; 0x00; 0x00; 0x00; 0x00; 0x00; 0x0C
0x349; 0x03; 0x55; 0x00; 0x10; 0x00; 0x00; 0xBB; 0x20
0x30D; 0x00; 0x00; 0x00; 0x00; 0x00; 0x00; 0x00; 0x00
0x349; 0x03; 0x55; 0x00; 0x10; 0x00; 0x00; 0xAC; 0x20
0x349; 0x03; 0x55; 0x00; 0x10; 0x00; 0x00; 0x9D; 0x20
0x30D; 0x00; 0x00; 0x00; 0x00; 0x00; 0x00; 0x00; 0x00
0x349; 0x03; 0x55; 0x00; 0x10; 0x00; 0x00; 0x8E; 0x20
0x30D; 0x00; 0x00; 0x00; 0x00; 0x00; 0x00; 0x00; 0x00
0x3CD; 0xFF; 0xFF; 0xFF; 0xFF; 0x03; 0x22; 0x60; 0xFF
0x3F2; 0x00; 0xEB; 0x00; 0x00; 0x00; 0x00; 0x00; 0x02
0x3AD; 0x5F; 0xFF; 0x80; 0x01; 0x80; 0x52; 0x00; 0x03
0x349; 0x03; 0x55; 0x00; 0x10; 0x00; 0x00; 0x33; 0x20
0x3AD; 0x5F; 0xFF; 0x80; 0x01; 0x80; 0x52; 0x00; 0x12
0x349; 0x03; 0x55; 0x00; 0x10; 0x00; 0x00; 0x15; 0x20
0x208; 0xFF; 0xFF; 0x06; 0x00; 0x2C; 0x00; 0x00; 0x32
0x34D; 0x10; 0x23; 0x64; 0x00; 0x0F; 0x82; 0x00; 0x20
0x612; 0x00; 0x20; 0xC1; 0x00; 0x07; 0xFE; 0x00; 0x10
0x349; 0x03; 0x55; 0x00; 0x10; 0x00; 0x00; 0xE8; 0x20
0x34D; 0x10; 0x23; 0x64; 0x00; 0x0E; 0x83; 0x00; 0x20
0x572; 0x50; 0x80; 0xFF; 0xC0; 0x88; 0x00; 0x00; 0x00
0x349; 0x03; 0x55; 0x00; 0x10; 0x00; 0x00; 0xBB; 0x20
0x468; 0x00; 0x30; 0x40; 0xC0; 0x00; 0x01; 0x00; 0x00
0x349; 0x03; 0x55; 0x00; 0x10; 0x00; 0x00; 0x9D; 0x20
0x40D; 0x00; 0x00; 0x00; 0x00; 0x00; 0x00; 0x00; 0x06
0x489; 0x00; 0x01; 0x10; 0x28; 0x00; 0x01; 0x00; 0x3F
0x349; 0x03; 0x55; 0x00; 0x10; 0x00; 0x00; 0x7F; 0x20
0x40D; 0x00; 0x00; 0x00; 0x00; 0x00; 0x00; 0x00; 0x07
0x432; 0x42; 0x12; 0x40; 0xFE; 0x00; 0x08; 0x30; 0x02
0x612; 0x00; 0x20; 0xC1; 0x00; 0x07; 0xFE; 0x00; 0x10
0x588; 0xFE; 0xFF; 0x00; 0x00; 0x00; 0x58; 0x20; 0x00
0x40D; 0x00; 0x00; 0x00; 0x00; 0x00; 0x00; 0x00; 0x09
0x797; 0x01; 0x00; 0x00; 0x00; 0x00; 0x00; 0x00; 0x00
0x208; 0xFF; 0xFF; 0x15; 0x00; 0x2C; 0x00; 0x00; 0x32
0x30D; 0x00; 0x00; 0x00; 0x00; 0x00; 0x00; 0x00; 0x00
0x3F2; 0x00; 0xAF; 0x00; 0x00; 0x00; 0x00; 0x00; 0x02
0x30D; 0x00; 0x00; 0x00; 0x00; 0x00; 0x00; 0x00; 0x00
0x3AD; 0x5F; 0xFF; 0x80; 0x01; 0x80; 0x52; 0x00; 0xB8
0x349; 0x03; 0x55; 0x00; 0x10; 0x00; 0x00; 0xD9; 0x20
0x3CD; 0xFF; 0xFF; 0xFF; 0xFF; 0x03; 0x22; 0x60; 0x68
0x612; 0x00; 0x20; 0xC1; 0x00; 0x07; 0xFE; 0x00; 0x10
0x40D; 0x00; 0x00; 0x00; 0x00; 0x00; 0x00; 0x00; 0x0D
0x588; 0xFE; 0xFF; 0x00; 0x00; 0x00; 0x58; 0x20; 0x00
0x38D; 0x00; 0x00; 0x00; 0x00; 0xAF; 0x7D; 0x46; 0x00
0x3CD; 0xFF; 0xFF; 0xFF; 0xFF; 0x03; 0x22; 0x60; 0x1D
0x3F2; 0x00; 0x81; 0x00; 0x00; 0x00; 0x00; 0x00; 0x02
0x3CD; 0xFF; 0xFF; 0xFF; 0xFF; 0x03; 0x22; 0x60; 0xFF
0x3AD; 0x5F; 0xFF; 0x80; 0x01; 0x80; 0x52; 0x00; 0x03
0x349; 0x03; 0x55; 0x00; 0x10; 0x00; 0x00; 0x33; 0x20
0x34D; 0x10; 0x23; 0x64; 0x00; 0x00; 0x81; 0x00; 0x20
0x3F2; 0x00; 0x72; 0x00; 0x00; 0x00; 0x00; 0x00; 0x02
0x30D; 0x00; 0x00; 0x00; 0x00; 0x00; 0x00; 0x00; 0x00
0x349; 0x03; 0x55; 0x00; 0x10; 0x00; 0x00; 0x06; 0x20
0x40D; 0x00; 0x00; 0x00; 0x00; 0x00; 0x00; 0x00; 0x03
0x44D; 0x00; 0x00; 0x00; 0x00; 0x00; 0x00; 0x00; 0x00
0x3CD; 0xFF; 0xFF; 0xFF; 0xFF; 0x03; 0x22; 0x60; 0x77
0x3F2; 0x00; 0x63; 0x00; 0x00; 0x00; 0x00; 0x00; 0x02
0x38D; 0x00; 0x00; 0x00; 0x00; 0xAF; 0xAA; 0x46; 0x00
0x3CD; 0xFF; 0xFF; 0xFF; 0xFF; 0x03; 0x22; 0x60; 0x59
0x494; 0x0F; 0x10; 0x00; 0x00; 0x00; 0x18; 0x00; 0x00
0x208; 0xFF; 0xFF; 0x9D; 0x00; 0x2C; 0x00; 0x00; 0x32
0x30D; 0x00; 0x00; 0x00; 0x00; 0x00; 0x00; 0x00; 0x00
0x349; 0x03; 0x55; 0x00; 0x10; 0x00; 0x00; 0x8E; 0x20
0x349; 0x03; 0x55; 0x00; 0x10; 0x00; 0x00; 0x7F; 0x20
0x30D; 0x00; 0x00; 0x00; 0x00; 0x00; 0x00; 0x00; 0x00
0x792; 0x00; 0x00; 0x00; 0x00; 0x00; 0x10; 0x00; 0x00
0x40D; 0x00; 0x00; 0x00; 0x00; 0x00; 0x00; 0x00; 0x08
0x38D; 0x00; 0x00; 0x00; 0x00; 0xAF; 0xC8; 0x46; 0x00
0x3CD; 0xFF; 0xFF; 0xFF; 0xFF; 0x03; 0x22; 0x60; 0xD1
0x3F2; 0x00; 0x45; 0x00; 0x00; 0x00; 0x00; 0x00; 0x02
0x3CD; 0xFF; 0xFF; 0xFF; 0xFF; 0x03; 0x22; 0x60; 0xB3
0x3AD; 0x5F; 0xFF; 0x80; 0x01; 0x80; 0x52; 0x00; 0xA9
0x349; 0x03; 0x55; 0x00; 0x10; 0x00; 0x00; 0xF7; 0x20
0x34D; 0x10; 0x23; 0x64; 0x00; 0x06; 0x8B; 0x00; 0x20
0x3F2; 0x00; 0x36; 0x00; 0x00; 0x00; 0x00; 0x00; 0x02
0x30D; 0x00; 0x00; 0x00; 0x00; 0x00; 0x00; 0x00; 0x00
0x349; 0x03; 0x55; 0x00; 0x10; 0x00; 0x00; 0xCA; 0x20
0x40D; 0x00; 0x00; 0x00; 0x00; 0x00; 0x00; 0x00; 0x0D
0x44D; 0x00; 0x00; 0x00; 0x00; 0x00; 0x00; 0x00; 0x00
0x3CD; 0xFF; 0xFF; 0xFF; 0xFF; 0x03; 0x22; 0x60; 0x3B
0x3F2; 0x00; 0x27; 0x00; 0x00; 0x00; 0x00; 0x00; 0x02
0x38D; 0x00; 0x00; 0x00; 0x00; 0xAF; 0xF5; 0x46; 0x00
0x3CD; 0xFF; 0xFF; 0xFF; 0xFF; 0x03; 0x22; 0x60; 0x1D
0x3F4; 0xE0; 0x30; 0x31; 0x30; 0x31; 0x30; 0x00; 0x00
0x432; 0x42; 0x1C; 0x40; 0xFE; 0x00; 0x08; 0x30; 0x02
0x612; 0x00; 0x20; 0xC1; 0x00; 0x07; 0xFE; 0x00; 0x10
0x40D; 0x00; 0x00; 0x00; 0x00; 0x00; 0x00; 0x00; 0x01
0x489; 0x00; 0x01; 0x10; 0x28; 0x00; 0x01; 0x00; 0x3F
0x40D; 0x00; 0x00; 0x00; 0x00; 0x00; 0x00; 0x00; 0x02
0x349; 0x03; 0x55; 0x00; 0x10; 0x00; 0x00; 0xF7; 0x20
0x30D; 0x00; 0x00; 0x00; 0x00; 0x00; 0x00; 0x00; 0x00
0x3F2; 0x00; 0x09; 0x00; 0x00; 0x00; 0x00; 0x00; 0x02
0x349; 0x03; 0x55; 0x00; 0x10; 0x00; 0x00; 0xD9; 0x20
0x30D; 0x00; 0x00; 0x00; 0x00; 0x00; 0x00; 0x00; 0x00
0x349; 0x03; 0x55; 0x00; 0x10; 0x00; 0x00; 0xBB; 0x20
0x3CD; 0xFF; 0xFF; 0xFF; 0xFF; 0x03; 0x22; 0x60; 0x59
0x349; 0x03; 0x55; 0x00; 0x10; 0x00; 0x00; 0xAC; 0x20
0x3CD; 0xFF; 0xFF; 0xFF; 0xFF; 0x03; 0x22; 0x60; 0x3B
0x349; 0x03; 0x55; 0x00; 0x10; 0x00; 0x00; 0x8E; 0x20
0x3AD; 0x5F; 0xFF; 0x80; 0x01; 0x80; 0x52; 0x00; 0x6D
0x348; 0x00; 0x00; 0xFF; 0x00; 0xC1; 0x21; 0x10; 0x10
0x3AD; 0x5F; 0xFF; 0x80; 0x01; 0x80; 0x72; 0x00; 0x7A
0x348; 0x00; 0x00; 0xFF; 0x00; 0xC1; 0x21; 0x10; 0x01
0x3F2; 0x00; 0xEB; 0x00; 0x00; 0x00; 0x00; 0x00; 0x02
0x3AD; 0x5F; 0xFF; 0x80; 0x01; 0x80; 0x72; 0x00; 0x89
0x348; 0x00; 0x00; 0xFF; 0x00; 0xC1; 0x21; 0x10; 0xF2
0x349; 0x03; 0x55; 0x00; 0x10; 0x00; 0x00; 0x15; 0x20
0x349; 0x03; 0x55; 0x00; 0x10; 0x00; 0x00; 0x06; 0x20
0x34D; 0x10; 0x23; 0x64; 0x00; 0x07; 0x8A; 0x00; 0x20
0x612; 0x00; 0x20; 0xC1; 0x00; 0x07; 0xFE; 0x00; 0x10
0x34D; 0x10; 0x23; 0x64; 0x00; 0x06; 0x8B; 0x00; 0x20
0x208; 0xFF; 0xFF; 0xBB; 0x00; 0x2C; 0x00; 0x00; 0x32
0x3CD; 0xFF; 0xFF; 0xFF; 0xFF; 0x03; 0x22; 0x60; 0x59
0x3F2; 0x00; 0xCD; 0x00; 0x00; 0x00; 0x00; 0x00; 0x02
0x208; 0xFF; 0xFF; 0x9D; 0x00; 0x2C; 0x00; 0x00; 0x32
0x30D; 0x00; 0x00; 0x00; 0x00; 0x00; 0x00; 0x00; 0x00
0x348; 0x00; 0x00; 0xFF; 0x00; 0xC1; 0x21; 0x10; 0x98
0x3CD; 0xFF; 0xFF; 0xFF; 0xFF; 0x03; 0x22; 0x60; 0x0E
0x612; 0x00; 0x20; 0xC1; 0x00; 0x07; 0xFE; 0x00; 0x10
0x40D; 0x00; 0x00; 0x00; 0x00; 0x00; 0x00; 0x00; 0x00
0x588; 0xFE; 0xFF; 0x00; 0x00; 0x00; 0x58; 0x20; 0x00
0x40D; 0x00; 0x00; 0x00; 0x00; 0x00; 0x00; 0x00; 0x01
0x349; 0x03; 0x55; 0x00; 0x10; 0x00; 0x00; 0x15; 0x20
0x30D; 0x00; 0x00; 0x00; 0x00; 0x00; 0x00; 0x00; 0x00
0x3F2; 0x00; 0xAF; 0x00; 0x00; 0x00; 0x00; 0x00; 0x02
0x349; 0x03; 0x55; 0x00; 0x10; 0x00; 0x00; 0xF7; 0x20
0x30D; 0x00; 0x00; 0x00; 0x00; 0x00; 0x00; 0x00; 0x00
0x349; 0x03; 0x55; 0x00; 0x10; 0x00; 0x00; 0xD9; 0x20
0x3CD; 0xFF; 0xFF; 0xFF; 0xFF; 0x03; 0x22; 0x60; 0x77
0x58E; 0x00; 0x00; 0x00; 0x00; 0x00; 0x00; 0x00; 0x00
0x38D; 0x00; 0x00; 0x00; 0x00; 0xAF; 0xAA; 0x46; 0x00
0x3CD; 0xFF; 0xFF; 0xFF; 0xFF; 0x03; 0x22; 0x60; 0x59
0x208; 0xFF; 0xFF; 0x9D; 0x00; 0x2C; 0x00; 0x00; 0x32
0x348; 0x00; 0x00; 0xFF; 0x00; 0xC1; 0x21; 0x10; 0x2F
0x38D; 0x00; 0x00; 0x00; 0x00; 0xAF; 0xB9; 0x46; 0x00
0x348; 0x00; 0x00; 0xFF; 0x00; 0xC1; 0x21; 0x10; 0x10
0x3F2; 0x00; 0x81; 0x00; 0x00; 0x00; 0x00; 0x00; 0x02
0x3AD; 0x5F; 0xFF; 0x80; 0x01; 0x80; 0x52; 0x00; 0x7C
0x348; 0x00; 0x00; 0xFF; 0x00; 0xC1; 0x21; 0x10; 0x01
0x38D; 0x00; 0x00; 0x00; 0x00; 0xAF; 0xC8; 0x46; 0x00
0x349; 0x03; 0x55; 0x00; 0x10; 0x00; 0x00; 0x33; 0x20
0x349; 0x03; 0x55; 0x00; 0x10; 0x00; 0x00; 0x24; 0x20
0x3AD; 0x5F; 0xFF; 0x80; 0x01; 0x80; 0x72; 0x00; 0x98
0x612; 0x00; 0x20; 0xC1; 0x00; 0x07; 0xFE; 0x00; 0x10
0x349; 0x03; 0x55; 0x00; 0x10; 0x00; 0x00; 0x06; 0x20
0x3AD; 0x5F; 0xFF; 0x80; 0x01; 0x80; 0x72; 0x00; 0xA7
0x797; 0x01; 0x00; 0x00; 0x00; 0x00; 0x00; 0x00; 0x00
0x3AD; 0x5F; 0xFF; 0x80; 0x01; 0x80; 0x82; 0x00; 0xB5
0x3F2; 0x00; 0x63; 0x00; 0x00; 0x00; 0x00; 0x00; 0x02
0x3AD; 0x5F; 0xFF; 0x80; 0x01; 0x80; 0x72; 0x00; 0xC5
0x3AD; 0x5F; 0xFF; 0x80; 0x01; 0x80; 0x52; 0x00; 0xD6
0x349; 0x03; 0x55; 0x00; 0x10; 0x00; 0x00; 0x9D; 0x20
0x3CD; 0xFF; 0xFF; 0x00; 0x00; 0x03; 0x22; 0x60; 0xEC
0x612; 0x00; 0x20; 0xC1; 0x00; 0x07; 0xFE; 0x00; 0x10
0x40D; 0x00; 0x00; 0x00; 0x00; 0x00; 0x00; 0x00; 0x0F
0x588; 0xFE; 0xFF; 0x00; 0x00; 0x00; 0x58; 0x20; 0x00
0x38D; 0x00; 0x00; 0x00; 0x00; 0xAF; 0x04; 0x46; 0x00
0x3CD; 0xFF; 0xFF; 0xFF; 0xFF; 0x03; 0x22; 0x60; 0xD1
0x3F2; 0x00; 0x45; 0x00; 0x00; 0x00; 0x00; 0x00; 0x02
0x44D; 0x00; 0x00; 0x00; 0x00; 0x00; 0x00; 0x00; 0x00
0x3CD; 0xFF; 0xFF; 0xFF; 0xFF; 0x03; 0x22; 0x60; 0xB3
0x3F4; 0x20; 0x30; 0x30; 0x30; 0x30; 0x30; 0x30; 0x30
0x3CD; 0xFF; 0xFF; 0xFF; 0xFF; 0x03; 0x22; 0x60; 0x86
0x612; 0x00; 0x20; 0xC1; 0x00; 0x07; 0xFE; 0x00; 0x10
0x40D; 0x00; 0x00; 0x00; 0x00; 0x00; 0x00; 0x00; 0x04
0x588; 0xFE; 0xFF; 0x00; 0x00; 0x00; 0x58; 0x20; 0x00
0x40D; 0x00; 0x00; 0x00; 0x00; 0x00; 0x00; 0x00; 0x05
0x349; 0x03; 0x55; 0x00; 0x10; 0x00; 0x00; 0x9D; 0x20
0x30D; 0x00; 0x00; 0x00; 0x00; 0x00; 0x00; 0x00; 0x00
0x3F2; 0x00; 0x27; 0x00; 0x00; 0x00; 0x00; 0x00; 0x02
0x349; 0x03; 0x55; 0x00; 0x10; 0x00; 0x00; 0x7F; 0x20
0x30D; 0x00; 0x00; 0x00; 0x00; 0x00; 0x00; 0x00; 0x00
0x494; 0x0F; 0x10; 0x00; 0x00; 0x00; 0x18; 0x00; 0x00
0x349; 0x03; 0x55; 0x00; 0x10; 0x00; 0x00; 0x51; 0x20
0x30D; 0x00; 0x00; 0x00; 0x00; 0x00; 0x00; 0x00; 0x00
0x349; 0x03; 0x55; 0x00; 0x10; 0x00; 0x00; 0x42; 0x20
0x612; 0x00; 0x20; 0xC1; 0x00; 0x07; 0xFE; 0x00; 0x10
0x40D; 0x00; 0x00; 0x00; 0x00; 0x00; 0x00; 0x00; 0x09
0x468; 0x00; 0x30; 0x40; 0xC0; 0x00; 0x01; 0x00; 0x00
0x40D; 0x00; 0x00; 0x00; 0x00; 0x00; 0x00; 0x00; 0x0A
0x3CD; 0xFF; 0xFF; 0xFF; 0xFF; 0x03; 0x22; 0x60; 0x95
0x349; 0x03; 0x55; 0x00; 0x10; 0x00; 0x00; 0xE8; 0x20
0x334; 0x58; 0x3B; 0x98; 0xED; 0xD3; 0xB9; 0x8E; 0xE9
0x349; 0x03; 0x55; 0x00; 0x10; 0x00; 0x00; 0xD9; 0x20
0x412; 0x10; 0x00; 0x00; 0x00; 0x00; 0x3C; 0x00; 0x00
0x334; 0x60; 0x3B; 0x94; 0xEE; 0x53; 0xB9; 0x8E; 0xE4
0x349; 0x03; 0x55; 0x00; 0x10; 0x00; 0x00; 0xBB; 0x20
0x349; 0x03; 0x55; 0x00; 0x10; 0x00; 0x00; 0xAC; 0x20
0x3AD; 0x5F; 0xFF; 0x80; 0x01; 0x80; 0x52; 0x00; 0xD6
0x349; 0x03; 0x55; 0x00; 0x10; 0x00; 0x00; 0x8E; 0x20
0x3AD; 0x5F; 0xFF; 0x80; 0x01; 0x80; 0x52; 0x00; 0xE5
0x3AD; 0x5F; 0xFF; 0x80; 0x01; 0x80; 0x52; 0x00; 0xF4
0x349; 0x03; 0x55; 0x00; 0x10; 0x00; 0x00; 0x51; 0x20
0x3F2; 0x00; 0xEB; 0x00; 0x00; 0x00; 0x00; 0x00; 0x02
0x3AD; 0x5F; 0xFF; 0x80; 0x01; 0x80; 0x42; 0x00; 0x04
0x349; 0x03; 0x55; 0x00; 0x10; 0x00; 0x00; 0x33; 0x20
0x3AD; 0x5F; 0xFF; 0x80; 0x01; 0x80; 0x42; 0x00; 0x13
0x349; 0x03; 0x55; 0x00; 0x10; 0x00; 0x00; 0x15; 0x20
0x208; 0xFF; 0xFF; 0x06; 0x00; 0x2C; 0x00; 0x00; 0x32
0x34D; 0x10; 0x23; 0x64; 0x00; 0x0F; 0x82; 0x00; 0x20
0x612; 0x00; 0x20; 0xC1; 0x00; 0x07; 0xFE; 0x00; 0x10
0x4CE; 0x00; 0x00; 0x00; 0x00; 0x00; 0x00; 0x00; 0x00
0x334; 0x98; 0x3B; 0x9C; 0xEE; 0x33; 0xB9; 0x4E; 0xE5
0x572; 0x50; 0x80; 0xFF; 0xC0; 0x88; 0x00; 0x00; 0x00
0x3CD; 0xFF; 0xFF; 0xFF; 0xFF; 0x03; 0x22; 0x60; 0x68
0x349; 0x03; 0x55; 0x00; 0x10; 0x00; 0x00; 0xBB; 0x20
0x3CD; 0xFF; 0xFF; 0xFF; 0xFF; 0x03; 0x22; 0x60; 0x4A
0x5B2; 0x00; 0x00; 0x64; 0x80; 0x00; 0x02; 0x00; 0x00
0x349; 0x03; 0x55; 0x00; 0x10; 0x00; 0x00; 0x7F; 0x20
0x349; 0x03; 0x55; 0x00; 0x10; 0x00; 0x00; 0x60; 0x20
0x34D; 0x10; 0x23; 0x64; 0x00; 0x0A; 0x87; 0x00; 0x20
0x612; 0x00; 0x20; 0xC1; 0x00; 0x07; 0xFE; 0x00; 0x10
0x349; 0x03; 0x55; 0x00; 0x10; 0x00; 0x00; 0x42; 0x20
0x34D; 0x10; 0x23; 0x64; 0x00; 0x09; 0x88; 0x00; 0x20
0x572; 0x50; 0x80; 0xFF; 0xC0; 0x88; 0x00; 0x00; 0x00
0x468; 0x00; 0x30; 0x40; 0xC0; 0x00; 0x01; 0x00; 0x00
0x349; 0x03; 0x55; 0x00; 0x10; 0x00; 0x00; 0x15; 0x20
0x3CD; 0xFF; 0xFF; 0xFF; 0xFF; 0x03; 0x22; 0x60; 0xA4
0x349; 0x03; 0x55; 0x00; 0x10; 0x00; 0x00; 0xF7; 0x20
0x40D; 0x00; 0x00; 0x00; 0x00; 0x00; 0x00; 0x00; 0x0B
0x349; 0x03; 0x55; 0x00; 0x10; 0x00; 0x00; 0xD9; 0x20
0x3CD; 0xFF; 0xFF; 0xFF; 0xFF; 0x03; 0x22; 0x60; 0x77
0x349; 0x03; 0x55; 0x00; 0x10; 0x00; 0x00; 0xCA; 0x20
0x50D; 0x00; 0x00; 0x00; 0x00; 0x00; 0x64; 0x8E; 0x0C
0x30D; 0x00; 0x00; 0x00; 0x00; 0x00; 0x00; 0x00; 0x00
0x208; 0xFF; 0xFF; 0x7F; 0x00; 0x2C; 0x00; 0x00; 0x32
0x3CD; 0xFF; 0xFF; 0xFF; 0xFF; 0x03; 0x22; 0x60; 0x1D
0x3F2; 0x00; 0x81; 0x00; 0x00; 0x00; 0x00; 0x00; 0x02
0x208; 0xFF; 0xFF; 0x51; 0x00; 0x2C; 0x00; 0x00; 0x32
0x30D; 0x00; 0x00; 0x00; 0x00; 0x00; 0x00; 0x00; 0x00
0x349; 0x03; 0x55; 0x00; 0x10; 0x00; 0x00; 0x33; 0x20
0x349; 0x03; 0x55; 0x00; 0x10; 0x00; 0x00; 0x24; 0x20
0x34D; 0x10; 0x23; 0x64; 0x00; 0x00; 0x81; 0x00; 0x20
0x612; 0x00; 0x20; 0xC1; 0x00; 0x07; 0xFE; 0x00; 0x10
0x34D; 0x10; 0x23; 0x64; 0x00; 0x0F; 0x82; 0x00; 0x20
0x30D; 0x00; 0x00; 0x00; 0x00; 0x00; 0x00; 0x00; 0x00
0x3CD; 0xFF; 0xFF; 0xFF; 0xFF; 0x03; 0x22; 0x60; 0x77
0x3F2; 0x00; 0x63; 0x00; 0x00; 0x00; 0x00; 0x00; 0x02
0x3AD; 0x5F; 0xFF; 0x80; 0x01; 0x80; 0x42; 0x00; 0x40
0x349; 0x03; 0x55; 0x00; 0x10; 0x00; 0x00; 0xBB; 0x20
0x3AD; 0x5F; 0xFF; 0x80; 0x01; 0x80; 0x52; 0x00; 0x5E
0x349; 0x03; 0x55; 0x00; 0x10; 0x00; 0x00; 0x9D; 0x20
0x208; 0xFF; 0xFF; 0x8E; 0x00; 0x2C; 0x00; 0x00; 0x32
0x34D; 0x10; 0x23; 0x64; 0x00; 0x0B; 0x86; 0x00; 0x20
0x612; 0x00; 0x20; 0xC1; 0x00; 0x07; 0xFE; 0x00; 0x10
0x52E; 0xFF; 0xFF; 0x00; 0x00; 0x00; 0x00; 0x00; 0x00
0x588; 0xFE; 0xFF; 0x00; 0x00; 0x00; 0x58; 0x20; 0x00
0x572; 0x50; 0x80; 0xFF; 0xC0; 0x88; 0x00; 0x00; 0x00
0x349; 0x03; 0x55; 0x00; 0x10; 0x00; 0x00; 0x33; 0x20
0x489; 0x00; 0x01; 0x10; 0x28; 0x00; 0x01; 0x00; 0x3F
0x349; 0x03; 0x55; 0x00; 0x10; 0x00; 0x00; 0x15; 0x20
0x348; 0x00; 0x00; 0xFF; 0x00; 0xC1; 0x21; 0x10; 0xE3
0x349; 0x03; 0x55; 0x00; 0x10; 0x00; 0x00; 0xF7; 0x20
0x349; 0x03; 0x55; 0x00; 0x10; 0x00; 0x00; 0xE8; 0x20
0x432; 0x42; 0x1A; 0x40; 0xFE; 0x00; 0x08; 0x30; 0x02
0x349; 0x03; 0x55; 0x00; 0x10; 0x00; 0x00; 0xCA; 0x20
0x588; 0xFE; 0xFF; 0x00; 0x00; 0x00; 0x58; 0x20; 0x00
0x797; 0x01; 0x00; 0x00; 0x00; 0x00; 0x00; 0x00; 0x00
0x468; 0x00; 0x30; 0x40; 0xC0; 0x00; 0x01; 0x00; 0x00
0x349; 0x03; 0x55; 0x00; 0x10; 0x00; 0x00; 0x9D; 0x20
0x208; 0xFF; 0xFF; 0x8E; 0x00; 0x2C; 0x00; 0x00; 0x32
0x3F2; 0x00; 0x27; 0x00; 0x00; 0x00; 0x00; 0x00; 0x02
0x552; 0x00; 0x27; 0x89; 0x32; 0x00; 0xEB; 0x4D; 0xFE
0x349; 0x03; 0x55; 0x00; 0x10; 0x00; 0x00; 0x60; 0x20
0x349; 0x03; 0x55; 0x00; 0x10; 0x00; 0x00; 0x51; 0x20
0x349; 0x03; 0x55; 0x00; 0x10; 0x00; 0x00; 0x42; 0x20
0x432; 0x42; 0x1C; 0x40; 0xFE; 0x00; 0x08; 0x30; 0x02
0x348; 0x00; 0x00; 0xFF; 0x00; 0xC1; 0x21; 0x10; 0x7A
0x208; 0xFF; 0xFF; 0x06; 0x00; 0x2C; 0x00; 0x00; 0x32
0x489; 0x00; 0x01; 0x10; 0x28; 0x00; 0x01; 0x00; 0x3F
0x349; 0x03; 0x55; 0x00; 0x10; 0x00; 0x00; 0xF7; 0x20
0x468; 0x00; 0x30; 0x40; 0xC0; 0x00; 0x01; 0x00; 0x00
0x349; 0x03; 0x55; 0x00; 0x10; 0x00; 0x00; 0xD9; 0x20
0x349; 0x03; 0x55; 0x00; 0x10; 0x00; 0x00; 0xBB; 0x20
0x349; 0x03; 0x55; 0x00; 0x10; 0x00; 0x00; 0xAC; 0x20
0x334; 0x18; 0x3B; 0x98; 0xEE; 0x73; 0xB8; 0x4E; 0xE7
0x612; 0x00; 0x20; 0xC1; 0x00; 0x07; 0xFE; 0x00; 0x10
0x349; 0x03; 0x55; 0x00; 0x10; 0x00; 0x00; 0x8E; 0x20
0x334; 0x20; 0x3B; 0x98; 0xEE; 0x63; 0xB9; 0x4E; 0xE5
0x468; 0x00; 0x30; 0x40; 0xC0; 0x00; 0x01; 0x00; 0x00
0x349; 0x03; 0x55; 0x00; 0x10; 0x00; 0x00; 0x51; 0x20
0x54E; 0x00; 0x00; 0x00; 0x00; 0x00; 0x00; 0x00; 0x00
0x349; 0x03; 0x55; 0x00; 0x10; 0x00; 0x00; 0x33; 0x20
0x348; 0x00; 0x00; 0xFF; 0x00; 0xC1; 0x21; 0x10; 0xF2
0x349; 0x03; 0x55; 0x00; 0x10; 0x00; 0x00; 0x15; 0x20
0x349; 0x03; 0x55; 0x00; 0x10; 0x00; 0x00; 0x06; 0x20
0x334; 0x40; 0x3B; 0xA0; 0xEE; 0x43; 0xB9; 0x8E; 0xE5
0x612; 0x00; 0x20; 0xC1; 0x00; 0x07; 0xFE; 0x00; 0x10
0x792; 0x00; 0x00; 0x00; 0x00; 0x00; 0x10; 0x00; 0x00
0x334; 0x48; 0x3B; 0xA0; 0xEE; 0x83; 0xB8; 0x8E; 0xE7
0x334; 0x50; 0x3B; 0x98; 0xEE; 0x83; 0xBA; 0x0E; 0xE8
0x782; 0x00; 0x00; 0x00; 0x00; 0x00; 0x00; 0x02; 0x10
0x3F2; 0x00; 0xCD; 0x00; 0x00; 0x00; 0x00; 0x00; 0x02
0x334; 0x58; 0x3B; 0x98; 0xED; 0xD3; 0xB9; 0x4E; 0xE9
0x334; 0x60; 0x3B; 0x94; 0xEE; 0x53; 0xB9; 0x8E; 0xE4
0x349; 0x03; 0x55; 0x00; 0x10; 0x00; 0x00; 0x7F; 0x20
0x432; 0x42; 0x12; 0x40; 0xFE; 0x00; 0x08; 0x30; 0x02
0x612; 0x00; 0x20; 0xC1; 0x00; 0x07; 0xFE; 0x00; 0x10
0x348; 0x00; 0x00; 0xFF; 0x00; 0xC1; 0x21; 0x10; 0x89
0x588; 0xFE; 0xFF; 0x00; 0x00; 0x00; 0x58; 0x20; 0x00
0x208; 0xFF; 0xFF; 0x15; 0x00; 0x2C; 0x00; 0x00; 0x32
0x432; 0x42; 0x13; 0x40; 0xFE; 0x00; 0x08; 0x30; 0x02
0x3F2; 0x00; 0xAF; 0x00; 0x00; 0x00; 0x00; 0x00; 0x02
0x334; 0x80; 0x3B; 0x98; 0xEE; 0x63; 0xB9; 0xCE; 0xE5
0x348; 0x00; 0x00; 0xFF; 0x00; 0xC1; 0x21; 0x10; 0x5C
0x3F4; 0xE0; 0x30; 0x31; 0x30; 0x31; 0x30; 0x00; 0x00
0x432; 0x42; 0x14; 0x40; 0xFE; 0x00; 0x08; 0x30; 0x02
0x612; 0x00; 0x20; 0xC1; 0x00; 0x07; 0xFE; 0x00; 0x10
0x348; 0x00; 0x00; 0xFF; 0x00; 0xC1; 0x21; 0x10; 0x3E
0x334; 0xA0; 0x3B; 0x9C; 0xEE; 0x73; 0xB9; 0x8E; 0xE5
0x349; 0x03; 0x55; 0x00; 0x10; 0x00; 0x00; 0x7F; 0x20
0x3F2; 0x00; 0x81; 0x00; 0x00; 0x00; 0x00; 0x00; 0x02
0x334; 0xA8; 0x3B; 0x98; 0xEE; 0x73; 0xB9; 0x8E; 0xE4
0x5B2; 0x00; 0x00; 0x64; 0x80; 0x00; 0x02; 0x00; 0x00
0x334; 0xB0; 0x3B; 0x98; 0xEE; 0x43; 0xB9; 0x0E; 0xE6
0x349; 0x03; 0x55; 0x00; 0x10; 0x00; 0x00; 0x33; 0x20
0x432; 0x42; 0x16; 0x40; 0xFE; 0x00; 0x08; 0x30; 0x02
0x348; 0x00; 0x00; 0xFF; 0x00; 0xC1; 0x21; 0x10; 0xE3
0x349; 0x03; 0x55; 0x00; 0x10; 0x00; 0x00; 0x06; 0x20
0x208; 0xFF; 0xFF; 0xF7; 0x00; 0x2C; 0x00; 0x00; 0x32
0x432; 0x42; 0x17; 0x40; 0xFE; 0x00; 0x08; 0x30; 0x02
0x3F2; 0x00; 0x63; 0x00; 0x00; 0x00; 0x00; 0x00; 0x02
0x334; 0xD0; 0x3B; 0x98; 0xEE; 0x43; 0xB9; 0x4E; 0xE4
0x5E3; 0x00; 0x00; 0x00; 0x00; 0x00; 0x00; 0x00; 0x00
0x349; 0x03; 0x55; 0x00; 0x10; 0x00; 0x00; 0x9D; 0x20
0x349; 0x03; 0x55; 0x00; 0x10; 0x00; 0x00; 0x8E; 0x20
0x432; 0x42; 0x18; 0x40; 0xFE; 0x00; 0x08; 0x30; 0x02
0x348; 0x00; 0x00; 0xFF; 0x00; 0xC1; 0x21; 0x10; 0x98
0x588; 0xFE; 0xFF; 0x00; 0x00; 0x00; 0x58; 0x20; 0x00
0x572; 0x50; 0x80; 0xFF; 0xC0; 0x88; 0x00; 0x00; 0x00
0x489; 0x00; 0x01; 0x10; 0x28; 0x00; 0x01; 0x00; 0x3F
0x349; 0x03; 0x55; 0x00; 0x10; 0x00; 0x00; 0x33; 0x20
0x468; 0x00; 0x30; 0x40; 0xC0; 0x00; 0x01; 0x00; 0x00
0x349; 0x03; 0x55; 0x00; 0x10; 0x00; 0x00; 0x15; 0x20
0x348; 0x00; 0x00; 0xFF; 0x00; 0xC1; 0x21; 0x10; 0x6B
0x349; 0x03; 0x55; 0x00; 0x10; 0x00; 0x00; 0xF7; 0x20
0x349; 0x03; 0x55; 0x00; 0x10; 0x00; 0x00; 0xE8; 0x20
0x432; 0x42; 0x1A; 0x40; 0xFE; 0x00; 0x08; 0x30; 0x02
0x348; 0x00; 0x00; 0xFF; 0x00; 0xC1; 0x21; 0x10; 0x4D
0x349; 0x03; 0x55; 0x00; 0x10; 0x00; 0x00; 0xCA; 0x20
0x588; 0xFE; 0xFF; 0x00; 0x00; 0x00; 0x58; 0x20; 0x00
0x468; 0x00; 0x30; 0x40; 0xC0; 0x00; 0x01; 0x00; 0x00
0x349; 0x03; 0x55; 0x00; 0x10; 0x00; 0x00; 0x9D; 0x20
0x349; 0x03; 0x55; 0x00; 0x10; 0x00; 0x00; 0x8E; 0x20
0x489; 0x00; 0x01; 0x10; 0x28; 0x00; 0x01; 0x00; 0x3F
0x349; 0x03; 0x55; 0x00; 0x10; 0x00; 0x00; 0x7F; 0x20
0x412; 0x10; 0x00; 0x00; 0x00; 0x00; 0x3C; 0x00; 0x00
0x349; 0x03; 0x55; 0x00; 0x10; 0x00; 0x00; 0x51; 0x20
0x432; 0x42; 0x1C; 0x40; 0xFE; 0x00; 0x08; 0x30; 0x02
0x208; 0xFF; 0xFF; 0x33; 0x00; 0x2C; 0x00; 0x00; 0x32
0x348; 0x00; 0x00; 0xFF; 0x00; 0xC1; 0x21; 0x10; 0xF2
0x208; 0xFF; 0xFF; 0x15; 0x00; 0x2C; 0x00; 0x00; 0x32
0x348; 0x00; 0x00; 0xFF; 0x00; 0xC1; 0x21; 0x10; 0xE3
0x208; 0xFF; 0xFF; 0xF7; 0x00; 0x2C; 0x00; 0x00; 0x32
0x348; 0x00; 0x00; 0xFF; 0x00; 0xC1; 0x21; 0x10; 0xD4
0x3F2; 0x00; 0x09; 0x00; 0x00; 0x00; 0x00; 0x00; 0x02
0x468; 0x00; 0x30; 0x40; 0xC0; 0x00; 0x01; 0x00; 0x00
0x348; 0x00; 0x00; 0xFF; 0x00; 0xC1; 0x21; 0x10; 0xC5
0x489; 0x00; 0x01; 0x10; 0x28; 0x00; 0x01; 0x00; 0x3F
0x349; 0x03; 0x55; 0x00; 0x10; 0x00; 0x00; 0xBB; 0x20
0x349; 0x03; 0x55; 0x00; 0x10; 0x00; 0x00; 0xAC; 0x20
0x432; 0x42; 0x1E; 0x40; 0xFE; 0x00; 0x08; 0x30; 0x02
0x612; 0x00; 0x20; 0xC1; 0x00; 0x07; 0xFE; 0x00; 0x10
0x349; 0x03; 0x55; 0x00; 0x10; 0x00; 0x00; 0x8E; 0x20
0x588; 0xFE; 0xFF; 0x00; 0x00; 0x00; 0x58; 0x20; 0x00
0x797; 0x01; 0x00; 0x00; 0x00; 0x00; 0x00; 0x00; 0x00
0x489; 0x00; 0x01; 0x10; 0x28; 0x00; 0x01; 0x00; 0x3F
0x3F2; 0x00; 0xEB; 0x00; 0x00; 0x00; 0x00; 0x00; 0x02
0x208; 0xFF; 0xFF; 0x33; 0x00; 0x2C; 0x00; 0x00; 0x32
0x349; 0x03; 0x55; 0x00; 0x10; 0x00; 0x00; 0x15; 0x20
0x349; 0x03; 0x55; 0x00; 0x10; 0x00; 0x00; 0x06; 0x20
0x432; 0x42; 0x10; 0x40; 0xFE; 0x00; 0x08; 0x30; 0x02
0x348; 0x00; 0x00; 0xFF; 0x00; 0xC1; 0x21; 0x10; 0x5C
0x588; 0xFE; 0xFF; 0x00; 0x00; 0x00; 0x58; 0x20; 0x00
0x3F4; 0x00; 0x31; 0x30; 0x31; 0x30; 0x31; 0x30; 0x30
0x208; 0xFF; 0xFF; 0xBB; 0x00; 0x2C; 0x00; 0x00; 0x32